,sentiment,sentiment,patriotism,patriotism,economic,economic,conspiratorial,conspiratorial,religious,religious,racist,racist,ethic,ethic
,corr,p,corr,p,corr,p,corr,p,corr,p,corr,p,corr,p
weat_1,0.8528522972556275,5.3268932814296374e-14,0.8642857142857141,3.243373143346797e-05,0.801503759398496,2.154990269369137e-05,0.9133064516129032,7.768190738419645e-13,0.9587203302373581,3.723709451215546e-10,0.810071154898741,1.7606763990683326e-07,0.9609022556390976,1.759049358343184e-11
weat_2,0.8998458217699661,1.853145130971473e-17,0.8964285714285712,6.066143021729969e-06,0.9533834586466164,8.33304572667919e-11,0.9145161290322581,6.386760807295292e-13,0.9442724458204333,3.923997205495091e-09,0.8976464148877942,9.586154711295146e-11,0.8947368421052632,1.0226817406907919e-07
weat_3,0.4089423373419673,0.0047755771070618425,0.7749999999999999,0.0006896453939514363,0.5984962406015037,0.005305836200418916,0.8024193548387096,5.6669527233909e-08,0.8142414860681115,3.9076829456376884e-05,0.6677613574165299,0.00010342977870114122,0.49624060150375937,0.026051464707248898
weat_4,0.6111008325624422,6.457954295374974e-06,0.6785714285714285,0.005416550219591705,0.6887218045112782,0.0007852045694487572,0.8625,4.4495871172792687e-10,0.869969040247678,2.7112999008437103e-06,0.659551176792556,0.00013466329451582162,0.631578947368421,0.0028182871655732474
