,sentiment,sentiment,patriotism,patriotism,economic,economic,conspiratorial,conspiratorial,religious,religious,racist,racist,ethic,ethic
,corr,p,corr,p,corr,p,corr,p,corr,p,corr,p,corr,p
weat_1,0.808695652173913,1.0594570320508393e-11,0.4179566563467492,0.08435264811978456,0.8556390977443609,1.5129652137091274e-06,0.8469410456062292,3.62622688746448e-09,0.8105263157894737,2.5750948148591662e-05,0.6226600985221674,0.00030955639400765067,0.922077922077922,2.8517170982033927e-09
weat_2,0.927967930928153,1.7638780970041788e-20,0.6346749226006192,0.004662842748871141,0.9744360902255638,4.0365222137155066e-13,0.9457174638487208,3.383664483160482e-15,0.9140350877192982,4.50061446114764e-08,0.95615763546798,6.307168019739153e-16,0.8740259740259739,2.2551366206559228e-07
weat_3,0.6520505704594511,9.148709794700509e-07,0.2053663570691434,0.4136353714020946,0.8180451127819548,1.0505529225549313e-05,0.5968854282536151,0.0004979726681510413,0.5280701754385965,0.02012431576196995,0.6684729064039406,7.387341668222879e-05,0.47402597402597396,0.02993936808467946
weat_4,0.7771199506629664,2.1507906336252217e-10,0.4055727554179567,0.09495342479222932,0.8616541353383457,1.0555245332264338e-06,0.7076751946607341,1.2217690724642019e-05,0.6543859649122807,0.0023669295508711276,0.6748768472906402,5.929020994477342e-05,0.7337662337662337,0.00015324044854450605
