,sentiment,sentiment,patriotism,patriotism,economic,economic,conspiratorial,conspiratorial,religious,religious,racist,racist,ethic,ethic
,corr,p,corr,p,corr,p,corr,p,corr,p,corr,p,corr,p
weat_1,0.5437632135306553,0.00013628912707776785,0.4360902255639097,0.054584099673222065,0.83859649122807,7.293998331953686e-06,0.6809788654060066,3.445428260548307e-05,0.8511278195488721,1.961529361658419e-06,0.6605116796440489,7.118999161805274e-05,0.42094861660079047,0.04547120480280356
weat_2,0.8476391825229034,3.9357766738714915e-13,0.6932330827067669,0.000701450858560554,0.9385964912280702,2.8060642945152663e-09,0.8745272525027808,2.6824791546951216e-10,0.9533834586466164,8.33304572667919e-11,0.971078976640712,5.877682887656723e-19,0.8428853754940712,4.4719060140313054e-07
weat_3,0.5236081747709654,0.00026495105079812615,0.12781954887218044,0.5912462398946646,0.83859649122807,7.293998331953686e-06,0.7490545050055617,1.9169956345358683e-06,0.7894736842105263,3.4905038363866044e-05,0.660956618464961,7.011632634531385e-05,0.5039525691699606,0.014212247774590077
weat_4,0.7252995066948555,2.5640098716441512e-08,0.35187969924812035,0.1281419520870412,0.9140350877192982,4.50061446114764e-08,0.8309232480533927,1.3158311116458195e-08,0.8406015037593983,3.483775929626355e-06,0.7165739710789767,8.42994899145201e-06,0.7134387351778656,0.00013242709134158727
