,sentiment,sentiment,patriotism,patriotism,economic,economic,conspiratorial,conspiratorial,religious,religious,racist,racist,ethic,ethic
,corr,p,corr,p,corr,p,corr,p,corr,p,corr,p,corr,p
weat_1,0.8584643848288623,1.2201354157380348e-14,0.6179529282977558,0.00045814986440941425,0.7845849802371542,9.341612326806136e-06,0.8883064516129032,2.5954993722204127e-11,0.758893280632411,2.695768078863082e-05,0.9248053392658508,2.8447804343871387e-13,0.5582608695652173,0.004581953045617811
weat_2,0.8769657724329326,6.390822030524318e-16,0.8002189381499726,3.2001089307524366e-07,0.9456521739130436,1.028776212657333e-11,0.9544354838709679,9.03210775645307e-17,0.9782608695652174,7.877398904732528e-16,0.9630700778642937,1.714353225196571e-17,0.9199999999999999,2.037424643847237e-10
weat_3,0.7790240518038853,1.1282964715931774e-10,0.6880131362889983,5.2052570647425074e-05,0.717391304347826,0.00011670655786167373,0.8584677419354839,6.58495317006389e-10,0.758893280632411,2.695768078863082e-05,0.8126807563959955,4.8983397775533394e-08,0.4252173913043478,0.03832022472876961
weat_4,0.6564523589269194,5.438458516347074e-07,0.7318007662835249,9.631750060220007e-06,0.75,3.7772367194282234e-05,0.8854838709677421,3.6579128769768706e-11,0.7776679841897233,1.259483943737122e-05,0.8509454949944383,2.567810126584772e-09,0.5295652173913042,0.007784589602340773
