,sentiment,sentiment,patriotism,patriotism,economic,economic,conspiratorial,conspiratorial,religious,religious,racist,racist,ethic,ethic
,corr,p,corr,p,corr,p,corr,p,corr,p,corr,p,corr,p
weat_1,0.6482176360225141,6.109921639585687e-06,0.46336996336996333,0.014923983841295924,0.7894736842105263,3.4905038363866044e-05,0.7995967741935484,6.82641771894039e-08,0.5464426877470356,0.006979445684996815,0.7817733990147782,5.518657094351602e-07,0.32695652173913037,0.11888708485840495
weat_2,0.7986866791744842,6.585346651139408e-10,0.8583638583638583,1.0308283720488314e-08,0.8932330827067668,1.155377269413443e-07,0.9362903225806453,1.036779886617934e-14,0.9130434782608695,1.236680969659918e-09,0.9556650246305416,7.312631966203902e-16,0.8982608695652173,2.584870492609389e-09
weat_3,0.803189493433396,4.469784513173466e-10,0.7997557997557997,5.580540514565641e-07,0.8466165413533834,2.5220574871575744e-06,0.8427419354838711,2.7281937953129765e-09,0.6353754940711461,0.0011229313311652742,0.8285714285714284,2.85717828917729e-08,0.48521739130434777,0.01624446218040303
weat_4,0.5459662288930582,0.0002684047575476524,0.5616605616605617,0.002299440149499072,0.7699248120300751,7.183540419814864e-05,0.7951612903225806,9.092816430320495e-08,0.6729249011857709,0.0004339408833872341,0.7871921182266007,4.0693397805424805e-07,0.4234782608695652,0.03920394759394161
