,sentiment,sentiment,patriotism,patriotism,economic,economic,conspiratorial,conspiratorial,religious,religious,racist,racist,ethic,ethic
,corr,p,corr,p,corr,p,corr,p,corr,p,corr,p,corr,p
weat_1,0.8447116867098365,1.5951559365854703e-13,0.7963875205254516,4.001815220656882e-07,0.8754940711462451,4.518872262393973e-08,0.8899193548387098,2.1245807484552632e-11,0.641304347826087,0.0009744185569798806,0.8998887652947719,1.336314698861842e-11,0.5765217391304347,0.0031894142635749373
weat_2,0.7626888683317916,7.272915335025356e-10,0.9074986316365626,2.723498648084926e-11,0.9565217391304348,1.0367507751993613e-12,0.9685483870967743,4.580334410100313e-19,0.983201581027668,5.3708298825907296e-17,0.9604004449388208,4.480357501810005e-17,0.9382608695652173,1.2845258519229958e-11
weat_3,0.8199198273203824,3.168709687684429e-12,0.8078817733990148,2.0165678563422566e-07,0.8369565217391305,6.418384983525987e-07,0.878225806451613,8.496111873202746e-11,0.658102766798419,0.0006413306692101018,0.8558398220244716,1.6609129919250088e-09,0.5565217391304348,0.004737814332523148
weat_4,0.6257786000616713,3.310290145070054e-06,0.8078817733990148,2.0165678563422566e-07,0.8221343873517787,1.4932039330823478e-06,0.8754032258064517,1.1623384451798498e-10,0.6719367588932806,0.0004456870245641473,0.8131256952169076,4.751890540165096e-08,0.528695652173913,0.007905085955029822
