,sentiment,sentiment,patriotism,patriotism,economic,economic,conspiratorial,conspiratorial,religious,religious,racist,racist,ethic,ethic
,corr,p,corr,p,corr,p,corr,p,corr,p,corr,p,corr,p
weat_1,0.9343199436222691,1.990709631543073e-20,0.8951048951048951,8.36658642909172e-05,0.7714285714285712,0.0007568751073803471,0.9566502463054185,5.430684554418293e-16,0.8941176470588235,3.0113099296374175e-06,0.8711843711843712,3.385364118513619e-09,0.9509803921568628,4.79175684831834e-09
weat_2,0.8601832276250879,7.364588527558747e-14,0.6783216783216784,0.0153173290532817,0.907142857142857,3.0633105354938657e-06,0.9226600985221672,1.0983694568339325e-12,0.7852941176470588,0.00031285391788601143,0.9041514041514042,1.0114682253525963e-10,0.9436274509803922,1.3377378706310767e-08
weat_3,0.47371388301620865,0.0011621173835479218,-0.20979020979020982,0.5128409431818263,0.5071428571428571,0.05366366378080588,0.7674876847290638,1.1846151848415464e-06,0.34411764705882353,0.19185563142554293,0.793040293040293,8.104509343266653e-07,0.7598039215686275,0.00040178888017887025
weat_4,0.7426356589147286,7.872412594028916e-09,0.46153846153846156,0.13094806950717278,0.42142857142857143,0.11769939585541649,0.8655172413793102,1.3578866539524643e-09,0.7382352941176471,0.0010928508118481519,0.768009768009768,2.9147651207592377e-06,0.8455882352941178,1.90947257374294e-05
