,sentiment,sentiment,patriotism,patriotism,economic,economic,conspiratorial,conspiratorial,religious,religious,racist,racist,ethic,ethic
,corr,p,corr,p,corr,p,corr,p,corr,p,corr,p,corr,p
weat_1,0.7102083962549078,9.601591156319011e-08,0.5686274509803922,0.013800437611725471,0.9157894736842105,3.800188678731913e-08,0.8423387096774193,2.823665903651688e-09,0.7965686274509804,0.00012976358194609737,0.6918445539135194,4.543345884536134e-05,0.8842105263157894,2.3175269783488693e-07
weat_2,0.9273633343400784,4.1636124547235306e-19,0.5851393188854489,0.010743066498094603,0.980701754385965,1.728841404624303e-13,0.8979838709677421,7.436414369774774e-12,0.8357843137254902,2.940167931682037e-05,0.9677066228790366,4.3999493240236535e-17,0.9488721804511278,1.8821698161170059e-10
weat_3,0.6306251887647236,5.8247961916212715e-06,0.21568627450980388,0.3900270258208054,0.8087719298245614,2.7672197202341864e-05,0.6193548387096776,0.00020313634910574974,0.573529411764706,0.016081485967380103,0.6880131362889983,5.2052570647425074e-05,0.7729323308270677,6.45802408374602e-05
weat_4,0.7207792207792207,5.017488893390764e-08,-0.025799793601651185,0.9190604851409846,0.8473684210526315,4.681087721120231e-06,0.7459677419354839,1.4592395065488777e-06,0.6397058823529412,0.005684790088863971,0.6973180076628351,3.727702749573746e-05,0.7774436090225564,5.4882854481497394e-05
